[
    {
        "name": "首页",
        "key": "index",
        "url": "index"
    },
    {
        "name": "产品管理",
        "icon": "setting",
        "key": "product-manager",
        "children": [
            {
                "name": "产品",
                "key": "product",
                "url": "product-manager/product"
            }
        ]
    },
    {
        "name": "供应商管理",
        "icon": "setting",
        "key": "supplier-manager",
        "children": [
            {
                "name": "供应商",
                "key": "supplier",
                "url": "supplier-manager/supplier"
            }
        ]
    },
    {
        "name": "库存管理",
        "icon": "setting",
        "key": "stock-manager",
        "children": [
            {
                "name": "查询",
                "key": "stockaction",
                "url": "stock-manager/stockaction"
            },
            {
                "name": "入库",
                "key": "stockinorder",
                "url": "stock-manager/stockinorder"
            },
            {
                "name": "库存",
                "key": "stock",
                "url": "stock-manager/stock"
            },
            {
                "name": "库存统计",
                "key": "stockstatistics",
                "url": "stock-manager/stockstatistics"
            }
        ]
    },
    {
        "name": "电商管理",
        "icon": "setting",
        "key": "retail-platform-manager",
        "children": [
            {
                "name": "订单",
                "key": "order",
                "url": "retail-platform-manager/order"
            },
            {
                "name": "客户",
                "key": "customer",
                "url": "retail-platform-manager/customer"
            },
            {
                "name": "平台账号",
                "key": "account",
                "url": "retail-platform-manager/account"
            }
        ]
    },
    {
        "name": "物流管理",
        "icon": "setting",
        "key": "logistic-platform-manager",
        "children": [
            {
                "name": "speedPak",
                "key": "speedPak",
                "children": [
                    {
                        "name": "发货地址",
                        "key": "sendAddress",
                        "url": "logistic-platform-manager/speedPak/sendAddress"
                    },
                    {
                        "name": "标签地址",
                        "key": "senderAddress",
                        "url": "logistic-platform-manager/speedPak/senderAddress"
                    },
                    {
                        "name": "渠道",
                        "key": "services",
                        "url": "logistic-platform-manager/speedPak/services"
                    },
                    {
                        "name": "自送点",
                        "key": "dropoffSites",
                        "url": "logistic-platform-manager/speedPak/dropoffSites"
                    }
                ]
            },
            {
                "name": "燕文",
                "key": "yanwen",
                "children": [
                    {
                        "name": "渠道",
                        "key": "channels",
                        "url": "logistic-platform-manager/yanwen/channels"
                    }
                ]
            },
            {
                "name": "万邑通",
                "key": "winit",
                "children": [
                    {
                        "name": "渠道",
                        "key": "channels",
                        "url": "logistic-platform-manager/winit/channels"
                    },
                    {
                        "name": "仓库",
                        "key": "warehouses",
                        "url": "logistic-platform-manager/winit/warehouses"
                    }
                ]
            },
            
            {
                "name": "规则",
                "key": "rule",
                "url": "logistic-platform-manager/rule"
            },
            {
                "name": "历史订单",
                "key": "history",
                "url": "logistic-platform-manager/history"
            },
            {
                "name": "订单",
                "key": "order",
                "url": "logistic-platform-manager/order"
            }
        ]
    },
    {
        "name": "图片管理",
        "icon": "setting",
        "key": "image-manager",
        "children": [
            {
                "name": "图片",
                "key": "image",
                "url": "image-manager/image"
            },
            {
                "name": "上传",
                "key": "upload",
                "url": "image-manager/upload"
            }
        ]
    }

]